{"cameraMode":{"drawMode":0,"name":"Shaded","section":"Shading Mode"},"sceneLighting":true,"audioPlay":false,"sceneViewState":{"showFog":true,"showMaterialUpdate":false,"showSkybox":true,"showFlares":true,"showImageEffects":true,"showParticleSystems":true},"in2DMode":false,"pivot":{"x":3.6641979217529299,"y":9.687467575073243,"z":13.29196548461914},"rotation":{"x":0.23820380866527558,"y":0.37396860122680666,"z":-0.10000833868980408,"w":0.8907327055931091},"size":25.02046775817871,"orthographic":false}